{"chrI": {"avg_size": 43.136730181939534, "total_size": 117887766.0, "read_count": 2732886, "in_annotated_regions": 200478, "in_cds": 0, "in_5utr": 7519, "right_before_utr": 11496}, "chrII": {"avg_size": 43.24869303916827, "total_size": 1007903439.0, "read_count": 23304830, "in_annotated_regions": 417548, "in_cds": 0, "in_5utr": 487666, "right_before_utr": 6095485}, "chrIII": {"avg_size": 42.45357686713654, "total_size": 124227317.0, "read_count": 2926192, "in_annotated_regions": 242666, "in_cds": 0, "in_5utr": 23448, "right_before_utr": 2361}, "chrIV": {"avg_size": 43.379164650791864, "total_size": 1302424108.0, "read_count": 30024186, "in_annotated_regions": 636049, "in_cds": 0, "in_5utr": 92927, "right_before_utr": 6923406}, "chrV": {"avg_size": 43.25574328797475, "total_size": 
  954920753.0, "read_count": 22076161, "in_annotated_regions": 272641, "in_cds": 0, "in_5utr": 29960, "right_before_utr": 5886837}, "chrVI": {"avg_size": 43.857430501943, "total_size": 243822578.0, "read_count": 5559436, "in_annotated_regions": 111391, "in_cds": 0, "in_5utr": 8221, "right_before_utr": 5254147}, "chrVII": {"avg_size": 43.383394007679414, "total_size": 1472334216.0, "read_count": 
  33937737, "in_annotated_regions": 518131, "in_cds": 0, "in_5utr": 89382, "right_before_utr": 13179586}, "chrVIII": {"avg_size": 41.1924471727459, "total_size": 94709345.0, "read_count": 2299192, "in_annotated_regions": 337961, "in_cds": 0, "in_5utr": 19632, "right_before_utr": 70861}, "chrIX": {"avg_size": 43.22423714123768, "total_size": 276741579.0, "read_count": 6402463, "in_annotated_regions": 113616, "in_cds": 0, "in_5utr": 16242, "right_before_utr": 5806851}, "chrX": {"avg_size": 44.078048539012514, "total_size": 1327618965.0, "read_count": 30119731, "in_annotated_regions": 308809, "in_cds": 0, "in_5utr": 534029, "right_before_utr": 13377813}, "chrXI": {"avg_size": 41.68892291377322, "total_size": 397361554.0, "read_count": 9531586, "in_annotated_regions": 281735, "in_cds": 0, "in_5utr": 32550, "right_before_utr": 7928259}, "chrXII": {"avg_size": 43.90994298611717, "total_size": 1141049355.0, "read_count": 25986127, "in_annotated_regions": 460206, "in_cds": 0, "in_5utr": 6153611, "right_before_utr": 7690748}, "chrXIII": {"avg_size": 43.53315701808081, "total_size": 721638130.0, "read_count": 16576747, "in_annotated_regions": 468367, "in_cds": 0, "in_5utr": 310912, "right_before_utr": 5958595}, "chrXIV": {"avg_size": 42.95985535147711, "total_size": 266927023.0, "read_count": 6213406, "in_annotated_regions": 264949, "in_cds": 0, "in_5utr": 32887, "right_before_utr": 51006}, "chrXV": {"avg_size": 43.73083440524927, "total_size": 783912203.0, "read_count": 17925846, "in_annotated_regions": 472047, "in_cds": 0, "in_5utr": 86400, "right_before_utr": 3488794}, "chrXVI": {"avg_size": 42.8832054202031, "total_size": 671231517.0, "read_count": 15652550, "in_annotated_regions": 1036984, "in_cds": 0, "in_5utr": 29752, "right_before_utr": 2054413}}
